Key,FileName,PageNo
caps,C:\Users\Hiccup\Downloads\pdf\1287030.pdf,3
protect,C:\Users\Hiccup\Downloads\pdf\1287030.pdf,3
caps,C:\Users\Hiccup\Downloads\pdf\1287030.pdf,6
protect,C:\Users\Hiccup\Downloads\pdf\1287030.pdf,6
caps,C:\Users\Hiccup\Downloads\pdf\1287030.pdf,7
protect,C:\Users\Hiccup\Downloads\pdf\1287030.pdf,10
caps,C:\Users\Hiccup\Downloads\pdf\1287030.pdf,1
protect,C:\Users\Hiccup\Downloads\pdf\1287030.pdf,1
caps,C:\Users\Hiccup\Downloads\pdf\1287030.pdf,18
caps,C:\Users\Hiccup\Downloads\pdf\1450243.pdf,16
caps,C:\Users\Hiccup\Downloads\pdf\1450243.pdf,18
protect,C:\Users\Hiccup\Downloads\pdf\1450243.pdf,18
protect,C:\Users\Hiccup\Downloads\pdf\1450243.pdf,29
protect,C:\Users\Hiccup\Downloads\pdf\1450244.pdf,15
protect,C:\Users\Hiccup\Downloads\pdf\1450244.pdf,2
protect,C:\Users\Hiccup\Downloads\pdf\1450244.pdf,14
protect,C:\Users\Hiccup\Downloads\pdf\1450244.pdf,34
protect,C:\Users\Hiccup\Downloads\pdf\1450244.pdf,59
protect,C:\Users\Hiccup\Downloads\pdf\1450244.pdf,60
protect,C:\Users\Hiccup\Downloads\pdf\1450244.pdf,36
protect,C:\Users\Hiccup\Downloads\pdf\1450244.pdf,63
protect,C:\Users\Hiccup\Downloads\pdf\1450244.pdf,72
protect,C:\Users\Hiccup\Downloads\pdf\1450244.pdf,62
protect,C:\Users\Hiccup\Downloads\pdf\1450244.pdf,68
protect,C:\Users\Hiccup\Downloads\pdf\1450244.pdf,67
protect,C:\Users\Hiccup\Downloads\pdf\1450244.pdf,84
protect,C:\Users\Hiccup\Downloads\pdf\1450244.pdf,82
protect,C:\Users\Hiccup\Downloads\pdf\1450244.pdf,79
caps,C:\Users\Hiccup\Downloads\pdf\1450244.pdf,80
protect,C:\Users\Hiccup\Downloads\pdf\1450244.pdf,78
protect,C:\Users\Hiccup\Downloads\pdf\1450244.pdf,80
protect,C:\Users\Hiccup\Downloads\pdf\1450244.pdf,64
protect,C:\Users\Hiccup\Downloads\pdf\1450244.pdf,73
protect,C:\Users\Hiccup\Downloads\pdf\1450244.pdf,95
protect,C:\Users\Hiccup\Downloads\pdf\1450244.pdf,97
protect,C:\Users\Hiccup\Downloads\pdf\1450244.pdf,98
protect,C:\Users\Hiccup\Downloads\pdf\1450244.pdf,96
protect,C:\Users\Hiccup\Downloads\pdf\1450244.pdf,93
protect,C:\Users\Hiccup\Downloads\pdf\1450244.pdf,101
protect,C:\Users\Hiccup\Downloads\pdf\1450244.pdf,103
protect,C:\Users\Hiccup\Downloads\pdf\1450244.pdf,74
